Vehicle_ID,Fleet_ID,Vehicle_Age (Years),Engine_Temp (°C),Engine_RPM,Oil_Level (%),Oil_Quality (%),Battery_Voltage (V),Battery_Health (%),Tire_Pressure (PSI),Brake_Condition (%),Coolant_Level (%),Fuel_Consumption (km/L),Fuel_Tank_Level (%),Air_Filter_Condition (%),Transmission_Temp (°C),Suspension_Condition (%),Vibration_Level (mm/s),Exhaust_Emission (ppm),Previous_Breakdowns,Service_History,Health_Status
V001,F01,3,104,2524,63,63,12.7,90,28,52,75,16.0,32,69,84,78,2.0,203,0,Good,Healthy
V002,F01,2,113,2403,69,69,12.8,67,30,46,52,10.1,31,92,112,77,4.4,257,0,Poor,Critical
V003,F01,1,85,3051,63,41,12.6,60,34,41,57,16.8,98,89,115,76,4.4,156,1,Average,Warning
V004,F01,9,115,2911,36,41,11.9,55,32,85,76,13.3,48,71,90,78,2.6,271,3,Poor,Critical
V005,F01,1,108,2133,46,52,11.7,94,30,46,78,17.8,94,66,101,81,3.4,131,5,Average,Warning
V006,F01,2,87,2808,55,92,12.3,73,31,84,54,18.8,73,74,104,53,2.3,221,1,Good,Healthy
V007,F01,7,89,2857,45,44,11.9,89,34,99,65,16.0,68,44,95,53,2.3,142,5,Good,Healthy
V008,F01,2,102,3323,39,92,12.2,56,30,89,52,19.1,26,50,107,62,4.1,230,5,Average,Warning
V009,F01,4,100,2566,66,95,12.4,99,33,73,68,14.6,57,59,114,58,1.4,222,0,Good,Healthy
V010,F01,6,95,2158,55,66,12.5,60,29,61,73,10.5,60,83,113,65,4.1,140,3,Good,Healthy
V011,F01,2,93,2800,95,57,11.6,87,28,100,77,10.5,37,65,96,78,3.2,229,0,Average,Warning
V012,F01,1,107,3124,91,57,12.5,65,35,48,79,17.9,81,49,112,82,1.9,180,5,Good,Healthy
V013,F01,4,93,3412,49,57,12.2,53,35,43,87,19.6,72,92,91,66,3.9,175,2,Good,Healthy
V014,F01,1,96,2969,57,94,12.5,68,27,63,47,11.3,40,96,103,83,1.7,182,4,Average,Warning
V015,F01,6,99,3757,60,53,12.2,87,32,53,87,15.5,42,45,93,81,1.1,226,2,Average,Warning
V016,F01,4,104,3899,67,93,11.9,92,32,90,93,19.8,36,65,97,67,3.0,177,4,Good,Healthy
V017,F01,3,94,2382,51,62,12.0,71,32,62,79,19.6,76,80,110,74,1.0,237,0,Good,Healthy
V018,F01,6,112,3697,77,82,12.4,75,28,73,76,18.7,59,46,81,49,4.3,254,3,Poor,Critical
V019,F01,6,88,3154,69,83,12.4,76,34,68,45,13.3,21,51,111,95,5.1,274,5,Poor,Critical
V020,F01,7,80,3750,59,44,12.8,98,34,85,58,18.8,39,68,81,91,2.3,207,3,Poor,Critical
V021,F02,4,87,2816,58,48,12.5,79,32,71,59,15.6,33,88,115,54,1.1,124,5,Good,Healthy
V022,F02,6,110,3560,71,69,12.8,65,27,91,62,15.7,66,50,96,67,5.3,219,4,Poor,Critical
V023,F02,2,120,3461,90,60,11.6,56,34,76,88,12.1,29,49,80,56,3.8,273,1,Average,Warning
V024,F02,7,119,2218,51,67,11.7,70,27,97,69,17.1,51,44,100,69,5.0,217,5,Poor,Critical
V025,F02,10,101,1840,83,85,11.7,61,31,81,70,13.4,86,62,100,70,4.3,242,5,Good,Healthy
V026,F02,6,107,3294,47,80,11.6,58,32,86,95,18.7,83,80,105,76,5.2,210,2,Good,Healthy
V027,F02,1,98,2186,40,65,12.6,100,29,56,56,14.3,70,58,103,55,3.6,108,2,Poor,Critical
V028,F02,2,83,3686,71,60,12.1,95,29,76,48,14.6,63,71,93,52,4.6,216,2,Average,Warning
V029,F02,2,86,2747,67,74,12.0,96,34,76,87,17.7,61,90,108,47,4.3,203,5,Good,Healthy
V030,F02,1,104,3664,67,67,11.9,52,34,42,68,16.7,30,94,114,69,3.2,186,1,Good,Healthy
V031,F02,7,91,3655,79,69,11.6,67,29,64,100,17.7,38,51,89,55,1.7,225,3,Average,Warning
V032,F02,8,113,2706,50,55,12.4,90,32,81,60,13.3,83,67,103,54,1.4,194,5,Poor,Critical
V033,F02,9,94,2566,83,74,12.4,98,33,49,94,20.0,64,59,87,95,3.4,238,4,Average,Warning
V034,F02,10,102,2010,94,67,12.4,51,33,93,47,11.8,32,82,94,50,2.7,100,2,Poor,Critical
V035,F02,7,88,3375,94,47,12.5,55,31,65,87,11.8,82,48,92,85,1.2,280,1,Poor,Critical
V036,F02,7,106,2206,90,67,12.5,62,32,67,96,12.6,60,88,109,62,2.8,225,0,Good,Healthy
V037,F02,7,93,3484,55,62,12.7,92,33,71,98,10.5,90,54,92,74,1.5,185,4,Average,Warning
V038,F02,2,105,2392,84,51,11.7,95,32,100,100,16.5,69,62,89,98,4.1,189,1,Average,Warning
V039,F02,1,113,3557,41,51,11.9,85,32,59,46,17.6,36,85,96,60,3.8,274,2,Good,Healthy
V040,F02,6,118,3082,95,86,11.5,64,28,97,60,17.2,87,41,90,78,1.9,220,2,Good,Healthy
V041,F03,10,100,3011,41,87,12.4,59,33,78,80,12.4,83,93,85,46,5.0,159,5,Good,Healthy
V042,F03,1,120,2889,95,59,11.8,88,30,91,48,12.2,46,85,85,93,5.3,143,1,Average,Warning
V043,F03,7,85,2044,73,58,11.7,59,27,46,74,15.4,85,61,96,62,4.2,108,1,Average,Warning
V044,F03,10,86,2132,61,54,12.3,88,30,79,80,15.7,66,43,84,62,1.6,100,2,Average,Warning
V045,F03,4,109,2624,78,79,11.8,66,32,91,84,19.8,76,86,104,56,1.6,111,3,Good,Healthy
V046,F03,7,113,3247,62,67,12.5,61,29,78,56,10.7,51,89,100,47,3.8,143,3,Average,Warning
V047,F03,1,90,2047,92,79,12.8,86,35,83,56,19.7,50,60,113,79,1.6,251,1,Good,Healthy
V048,F03,10,112,2548,83,87,12.6,82,27,47,50,17.0,30,65,82,83,3.4,131,0,Good,Healthy
V049,F03,4,88,2840,90,73,11.9,61,32,75,51,19.8,52,86,85,53,3.0,211,3,Poor,Critical
V050,F03,5,116,1816,95,50,12.5,54,29,96,76,16.6,26,93,108,97,5.1,110,3,Good,Healthy
V051,F03,4,85,2829,93,69,12.1,62,34,60,69,10.0,66,43,86,62,2.1,220,4,Good,Healthy
V052,F03,8,102,2765,56,67,12.4,82,34,64,85,15.3,75,55,96,71,1.4,234,5,Good,Healthy
V053,F03,3,101,3018,85,54,11.9,66,32,100,95,18.7,64,48,109,65,5.1,210,0,Average,Warning
V054,F03,10,90,3971,48,63,12.0,65,28,67,70,10.0,85,64,87,92,1.7,279,3,Good,Healthy
V055,F03,2,101,3319,82,80,12.6,100,35,43,66,16.6,66,92,90,54,4.7,167,3,Average,Warning
V056,F03,9,114,2541,44,78,12.0,73,33,61,88,18.4,71,77,95,80,3.9,143,1,Good,Healthy
V057,F03,8,85,2077,76,77,12.0,100,29,73,70,19.0,59,82,108,95,2.0,224,5,Average,Warning
V058,F03,7,109,3123,48,76,12.6,99,28,96,100,16.1,92,93,81,50,1.9,186,4,Poor,Critical
V059,F03,10,119,2317,71,82,12.1,80,28,60,59,15.6,55,72,109,83,5.2,207,3,Good,Healthy
V060,F03,2,90,2856,44,60,12.4,82,31,48,71,16.6,27,61,83,69,3.8,249,5,Good,Healthy
V061,F04,4,103,2486,58,92,12.3,65,33,57,52,18.4,94,74,99,68,5.2,275,0,Poor,Critical
V062,F04,2,93,2026,40,85,11.5,96,31,98,74,19.9,92,49,94,95,5.3,206,1,Poor,Critical
V063,F04,10,82,3801,52,84,12.7,63,28,50,45,11.6,89,86,90,92,2.6,125,3,Good,Healthy
V064,F04,2,96,2690,65,86,12.2,51,28,67,97,15.8,93,86,109,95,4.3,166,5,Average,Warning
V065,F04,10,98,1987,73,89,12.8,99,29,63,95,17.7,29,74,106,66,2.1,201,5,Average,Warning
V066,F04,9,95,2267,76,59,12.7,66,35,97,65,12.7,99,72,106,49,4.6,165,3,Average,Warning
V067,F04,5,111,2512,85,80,11.7,88,28,50,48,16.9,58,64,115,53,2.3,276,0,Good,Healthy
V068,F04,10,109,1841,68,57,12.4,78,29,93,48,12.7,50,92,102,79,2.3,270,5,Good,Healthy
V069,F04,10,113,3072,58,86,11.6,59,30,66,63,12.4,26,47,84,89,3.1,269,1,Average,Warning
V070,F04,5,113,3241,62,71,12.3,70,34,41,62,11.4,64,71,108,61,2.3,229,4,Average,Warning
V071,F04,6,97,3255,73,66,12.8,75,29,77,64,16.4,65,65,86,93,5.2,255,0,Poor,Critical
V072,F04,10,85,2177,65,64,11.8,87,33,45,51,11.8,25,99,83,63,4.1,240,1,Good,Healthy
V073,F04,8,95,2739,93,79,12.6,80,32,52,49,14.7,68,53,111,54,1.0,226,4,Good,Healthy
V074,F04,6,119,2823,45,70,12.2,96,31,81,72,10.0,37,96,91,65,1.1,138,2,Poor,Critical
V075,F04,2,83,3032,39,44,11.8,58,34,48,92,17.8,42,93,91,99,2.1,145,0,Average,Warning
V076,F04,1,105,2368,58,62,11.6,54,35,49,80,19.7,40,40,89,93,3.1,209,0,Good,Healthy
V077,F04,3,116,3688,61,86,12.3,66,27,93,98,18.4,79,41,84,81,2.6,242,2,Average,Warning
V078,F04,2,89,2580,60,69,12.7,87,28,87,55,19.3,99,80,107,70,1.5,138,2,Poor,Critical
V079,F04,10,116,2034,81,82,12.4,63,27,73,78,10.3,74,90,115,100,4.1,134,5,Poor,Critical
V080,F04,9,93,3809,60,75,11.9,75,34,87,90,10.6,33,52,81,65,3.8,145,4,Good,Healthy
V081,F05,10,87,3441,66,95,11.8,65,33,65,48,19.5,62,86,107,78,3.0,271,4,Average,Warning
V082,F05,7,108,2911,64,90,12.4,59,35,62,46,12.2,41,43,108,46,1.6,104,0,Good,Healthy
V083,F05,5,106,2680,78,88,12.2,91,35,58,45,18.3,85,52,102,81,1.9,140,4,Average,Warning
V084,F05,4,114,2543,74,91,11.8,53,35,93,81,18.7,21,70,111,46,2.9,192,2,Average,Warning
V085,F05,8,93,2071,39,74,12.6,66,31,70,46,17.4,90,70,110,85,3.8,213,5,Average,Warning
V086,F05,9,88,2984,66,62,11.8,71,33,72,68,19.3,72,72,106,98,4.6,141,2,Average,Warning
V087,F05,4,119,2019,90,77,11.6,89,33,57,60,12.2,99,59,89,71,5.0,256,3,Poor,Critical
V088,F05,10,115,2272,95,94,12.3,78,29,43,65,13.9,99,51,90,67,4.5,258,1,Poor,Critical
V089,F05,3,94,2792,92,76,11.5,51,35,97,52,12.6,68,59,101,99,5.1,149,0,Good,Healthy
V090,F05,5,107,2461,84,40,11.9,59,34,94,46,19.0,77,88,109,87,1.8,195,3,Poor,Critical
V091,F05,7,118,2008,45,41,11.7,85,28,75,100,19.2,66,92,86,85,2.2,168,2,Good,Healthy
V092,F05,10,104,2271,60,44,12.1,68,34,44,91,15.8,97,46,93,84,1.9,220,5,Poor,Critical
V093,F05,10,83,2978,39,95,11.6,71,29,46,59,11.4,30,49,105,100,5.1,141,3,Poor,Critical
V094,F05,7,88,2496,63,78,12.3,87,33,66,61,12.1,86,74,87,62,2.3,140,0,Average,Warning
V095,F05,2,112,3760,76,75,12.0,52,33,53,83,16.1,93,98,80,55,3.7,190,2,Good,Healthy
V096,F05,9,109,3416,52,62,12.6,87,35,50,46,12.7,45,55,111,69,4.5,153,0,Poor,Critical
V097,F05,10,97,1843,69,68,12.0,63,31,43,47,10.9,83,71,83,90,3.4,154,5,Good,Healthy
V098,F05,6,106,2418,61,74,12.4,88,33,79,89,18.9,83,59,94,83,3.3,173,0,Good,Healthy
V099,F05,1,111,2181,83,69,12.7,77,33,53,52,15.8,46,67,109,93,5.2,188,0,Poor,Critical
V100,F05,10,103,2907,46,71,12.4,100,31,70,77,12.7,72,71,80,49,2.3,144,4,Good,Healthy
V101,F06,1,94,2477,69,81,12.7,67,30,68,73,15.8,36,47,106,88,1.4,228,3,Good,Healthy
V102,F06,8,87,1859,87,80,11.6,80,30,41,68,13.2,64,44,106,46,1.4,158,4,Average,Warning
V103,F06,7,94,3254,55,92,11.6,56,30,47,93,12.4,87,56,101,89,4.1,101,3,Average,Warning
V104,F06,5,90,2077,44,78,12.4,52,33,90,59,15.5,78,67,80,93,3.7,140,4,Good,Healthy
V105,F06,9,119,2197,66,72,12.4,60,28,87,79,19.0,40,46,104,73,2.1,230,0,Good,Healthy
V106,F06,3,102,3123,83,88,12.3,54,27,54,59,10.9,42,49,82,59,3.0,279,0,Good,Healthy
V107,F06,7,98,2991,75,68,12.7,91,29,95,79,11.9,27,43,106,59,5.2,250,1,Good,Healthy
V108,F06,6,97,1856,37,53,12.8,86,28,45,54,12.2,97,54,87,97,1.4,117,5,Good,Healthy
V109,F06,5,90,3554,57,40,11.6,94,30,62,47,12.4,27,80,89,61,2.8,264,2,Good,Healthy
V110,F06,8,120,3901,71,70,12.6,100,34,76,99,11.8,28,67,113,69,4.0,136,4,Average,Warning
V111,F06,9,115,2191,86,91,12.4,81,35,85,72,13.4,97,54,85,73,1.1,188,2,Poor,Critical
V112,F06,9,97,3298,42,77,12.4,58,31,73,48,13.7,88,88,110,95,5.3,149,1,Average,Warning
V113,F06,7,113,3889,93,48,11.8,73,27,97,73,18.4,66,41,91,68,5.2,228,0,Poor,Critical
V114,F06,6,92,2731,93,94,12.7,79,27,78,75,12.6,25,72,89,75,2.1,111,0,Good,Healthy
V115,F06,7,96,2744,59,81,12.6,99,34,57,46,13.0,79,49,81,73,5.0,276,1,Good,Healthy
V116,F06,4,94,3886,51,80,12.6,58,34,55,63,16.6,92,88,108,61,4.8,120,1,Poor,Critical
V117,F06,3,100,3617,77,44,11.9,99,28,59,86,16.6,61,68,89,67,4.4,208,0,Average,Warning
V118,F06,5,102,2102,79,83,11.9,89,28,64,98,11.7,50,75,88,79,5.5,126,2,Good,Healthy
V119,F06,8,100,2342,72,49,12.4,68,28,62,50,13.6,89,58,94,60,1.9,272,4,Average,Warning
V120,F06,5,92,3119,68,87,12.2,68,28,40,62,11.1,91,87,90,93,3.7,169,0,Good,Healthy
V121,F07,8,101,2751,76,81,11.9,95,33,75,95,13.8,63,90,96,64,4.5,221,5,Good,Healthy
V122,F07,8,93,3465,91,71,11.8,65,30,64,53,10.6,23,99,103,87,4.2,269,1,Poor,Critical
V123,F07,5,96,2756,41,82,12.7,98,34,66,88,16.7,62,60,110,58,1.8,206,2,Average,Warning
V124,F07,1,107,2390,42,43,11.8,87,27,61,91,19.3,78,78,99,47,1.5,155,4,Good,Healthy
V125,F07,9,90,2091,72,95,12.6,98,31,62,55,11.8,67,93,96,94,3.7,230,2,Good,Healthy
V126,F07,7,109,3168,45,71,11.7,59,29,68,90,15.8,72,95,86,94,2.5,227,3,Good,Healthy
V127,F07,6,91,3657,90,46,12.6,94,30,59,58,13.1,76,50,96,70,1.9,109,4,Poor,Critical
V128,F07,3,101,3642,56,94,11.6,67,31,93,66,17.0,47,54,85,46,3.3,218,3,Poor,Critical
V129,F07,10,120,2881,81,48,12.8,78,33,45,54,13.8,71,98,80,69,1.7,218,0,Good,Healthy
V130,F07,7,108,2732,62,81,12.8,87,30,55,90,10.9,35,75,113,46,2.7,127,3,Good,Healthy
V131,F07,4,108,3073,42,77,11.9,67,29,48,88,16.0,35,49,93,97,3.3,152,5,Good,Healthy
V132,F07,7,119,2833,51,95,12.1,99,29,82,87,10.7,81,44,80,79,2.4,194,3,Average,Warning
V133,F07,10,111,2503,40,41,11.9,80,29,78,59,13.0,65,44,96,61,3.6,114,5,Average,Warning
V134,F07,10,87,2260,83,93,11.6,94,30,76,90,19.6,28,85,102,60,2.0,280,4,Poor,Critical
V135,F07,1,100,1994,61,92,12.6,51,35,87,72,11.9,91,63,83,67,1.6,230,2,Good,Healthy
V136,F07,4,104,2123,38,48,12.6,60,35,92,79,13.0,83,89,90,82,1.2,228,4,Average,Warning
V137,F07,3,98,3099,85,68,12.1,79,34,63,80,13.7,51,44,102,76,3.4,111,0,Average,Warning
V138,F07,3,117,2845,79,54,11.7,66,33,52,80,17.0,33,83,102,58,3.4,160,4,Good,Healthy
V139,F07,10,115,2200,50,41,11.7,79,30,85,70,10.4,27,91,92,54,2.5,185,4,Good,Healthy
V140,F07,4,101,2762,40,76,12.4,50,27,51,77,18.3,64,96,109,70,3.3,253,3,Good,Healthy
V141,F08,10,101,3198,77,90,11.7,87,29,71,61,17.0,75,42,106,61,3.1,107,2,Good,Healthy
V142,F08,5,120,3264,52,75,12.0,74,35,90,78,13.0,92,90,86,54,3.5,194,2,Average,Warning
V143,F08,7,120,3671,76,59,11.7,73,31,99,80,19.1,25,80,94,98,5.2,273,1,Good,Healthy
V144,F08,5,111,3870,70,92,11.7,50,27,93,93,18.1,60,66,100,90,5.3,199,0,Average,Warning
V145,F08,5,104,2917,53,58,12.7,59,33,67,52,14.2,84,47,80,82,5.3,262,3,Poor,Critical
V146,F08,4,87,3991,56,45,12.1,84,30,100,59,11.0,77,73,114,71,5.2,275,2,Good,Healthy
V147,F08,5,108,3292,79,87,11.8,84,30,67,86,15.2,76,63,85,47,3.3,256,0,Good,Healthy
V148,F08,3,117,1925,67,66,11.5,74,33,99,76,10.8,33,40,115,50,2.7,232,3,Good,Healthy
V149,F08,1,88,3030,53,64,12.0,86,33,78,73,16.0,76,52,85,98,5.4,255,5,Good,Healthy
V150,F08,7,118,3522,63,73,12.2,90,30,68,67,19.6,72,51,82,98,2.1,243,1,Average,Warning
V151,F08,7,112,1830,80,69,12.3,88,28,74,90,18.4,53,43,94,87,3.0,197,3,Good,Healthy
V152,F08,8,118,2829,66,57,12.8,59,29,49,46,12.3,81,83,85,86,2.6,118,5,Good,Healthy
V153,F08,10,86,3131,78,43,12.1,70,32,71,75,12.1,31,55,107,65,2.4,135,4,Average,Warning
V154,F08,4,114,2784,67,57,12.0,66,29,82,76,19.4,52,64,85,81,5.0,242,1,Good,Healthy
V155,F08,4,90,2187,68,57,11.9,58,32,55,57,10.5,48,89,88,94,1.7,196,4,Average,Warning
V156,F08,8,92,1969,39,71,12.2,95,34,78,77,18.2,49,79,86,94,2.6,273,4,Good,Healthy
V157,F08,7,115,2020,84,62,11.9,83,35,88,65,11.7,22,58,89,65,5.2,223,2,Good,Healthy
V158,F08,6,109,2239,75,84,12.4,62,32,100,87,19.1,62,96,113,89,3.3,104,1,Average,Warning
V159,F08,9,98,3926,46,42,12.4,88,30,89,64,19.9,68,41,101,97,5.2,221,5,Good,Healthy
V160,F08,1,87,2238,80,69,12.7,96,30,83,75,10.8,59,71,86,52,4.3,238,0,Average,Warning
V161,F09,9,117,3400,91,80,12.1,85,33,100,86,11.4,83,99,89,84,5.1,166,0,Good,Healthy
V162,F09,4,91,2872,80,59,12.0,90,29,83,51,18.9,73,99,115,85,3.4,223,1,Good,Healthy
V163,F09,5,83,1990,67,76,12.5,57,34,82,78,13.3,33,85,100,48,5.0,260,2,Poor,Critical
V164,F09,6,95,2213,83,41,12.2,79,29,55,48,17.5,74,44,101,48,3.5,137,2,Average,Warning
V165,F09,4,91,3926,92,68,12.0,56,30,63,75,16.3,49,82,84,98,2.5,129,0,Good,Healthy
V166,F09,6,86,3186,85,47,11.8,95,30,42,80,15.3,72,53,101,73,1.6,142,2,Average,Warning
V167,F09,1,89,3272,56,84,12.4,75,32,83,70,18.1,40,56,106,69,4.8,134,4,Average,Warning
V168,F09,6,113,3007,82,61,12.3,78,34,55,83,16.8,72,84,93,74,5.3,170,3,Poor,Critical
V169,F09,4,100,3322,82,92,12.3,65,34,85,47,11.9,97,84,104,59,5.2,101,3,Good,Healthy
V170,F09,4,86,2885,91,48,11.6,52,32,72,83,16.3,78,97,93,72,5.1,129,4,Average,Warning
V171,F09,4,86,3699,83,90,12.8,58,32,40,49,15.4,84,93,102,54,4.4,257,2,Average,Warning
V172,F09,9,87,3216,94,91,11.9,61,35,70,86,10.9,78,100,97,47,2.3,249,5,Average,Warning
V173,F09,7,107,3849,39,74,11.5,84,35,77,80,14.5,78,46,93,96,4.5,142,3,Good,Healthy
V174,F09,5,80,3485,42,50,12.6,75,31,74,66,12.6,79,71,111,64,3.2,130,3,Good,Healthy
V175,F09,10,92,2487,59,49,12.4,87,32,65,86,14.7,25,45,112,49,1.2,190,3,Average,Warning
V176,F09,2,111,2248,72,84,12.6,63,31,53,72,16.4,60,84,109,81,1.8,279,4,Good,Healthy
V177,F09,7,118,2850,87,41,12.2,70,27,80,94,15.5,30,80,89,72,3.8,162,1,Average,Warning
V178,F09,4,88,3915,83,41,12.8,82,33,91,88,20.0,27,62,110,92,4.7,264,2,Good,Healthy
V179,F09,4,88,3056,87,52,12.6,71,32,85,81,11.8,99,81,110,97,4.4,137,2,Good,Healthy
V180,F09,6,100,2210,76,46,12.7,85,30,72,80,10.5,58,86,87,70,1.1,252,0,Good,Healthy
V181,F10,6,103,3618,89,40,12.6,54,34,70,98,15.2,53,99,114,48,1.9,136,4,Good,Healthy
V182,F10,2,103,3012,87,50,12.5,94,31,59,60,12.1,66,57,96,57,3.0,119,4,Good,Healthy
V183,F10,10,103,2794,77,58,12.1,92,35,48,78,16.2,47,66,91,49,3.5,123,4,Good,Healthy
V184,F10,5,80,2616,36,82,12.6,55,34,40,57,12.7,87,61,89,72,3.6,147,4,Good,Healthy
V185,F10,7,103,2111,38,92,12.0,57,28,99,77,19.4,62,50,101,62,1.8,144,0,Average,Warning
V186,F10,2,82,1900,51,52,12.7,79,32,93,54,18.7,32,49,114,65,3.7,134,0,Good,Healthy
V187,F10,8,83,2541,59,41,12.0,65,33,78,79,16.2,81,73,87,80,1.1,201,1,Good,Healthy
V188,F10,8,116,3354,73,80,12.3,96,30,52,60,13.1,91,60,107,77,3.9,272,4,Poor,Critical
V189,F10,4,99,2927,81,52,11.9,79,28,57,92,12.4,53,92,101,67,1.0,176,3,Good,Healthy
V190,F10,7,92,2297,85,43,12.3,71,32,88,60,19.7,20,56,91,55,1.9,190,5,Average,Warning
V191,F10,10,94,2712,43,64,12.7,52,29,96,47,13.2,69,71,115,94,3.8,232,0,Good,Healthy
V192,F10,3,114,3763,85,82,11.8,80,33,84,62,18.4,96,89,103,65,1.2,204,1,Good,Healthy
V193,F10,10,109,2289,58,44,12.5,65,34,56,62,17.6,76,90,91,60,1.5,141,0,Average,Warning
V194,F10,1,103,2964,67,78,11.7,81,32,79,74,10.6,75,94,100,57,4.2,261,5,Good,Healthy
V195,F10,7,88,2128,78,71,12.0,85,28,91,46,18.6,36,74,94,89,3.5,162,3,Good,Healthy
V196,F10,8,105,2971,39,78,12.2,91,27,83,83,16.3,46,84,114,85,1.5,144,0,Good,Healthy
V197,F10,1,118,3696,71,86,11.6,100,31,87,66,10.4,29,86,103,71,3.9,267,4,Average,Warning
V198,F10,8,107,2122,44,40,11.9,93,33,85,82,12.4,70,49,114,80,5.4,233,1,Good,Healthy
V199,F10,1,93,2397,88,56,11.6,100,33,92,60,16.6,69,55,83,48,3.7,275,4,Average,Warning
V200,F10,10,91,2137,63,87,11.5,69,27,96,88,14.1,73,66,115,95,3.2,246,1,Good,Healthy
